Best fitness,Genotype
59,"[1 1 1 1 1 1 1 1 1 1 1 1 0 0 1 1 0 0 1 0 1 1 1 0 0 0 0 1 1 1 1 0 1 1 1 0 1
 1 0 0 0 0 1 0 1 0 1 1 0 0 1 1 1 1 1 0 1 1 1 1 1 1 1 0 0 0 1 1 0 0 0 0 0 0
 1 0 1 1 0 0 1 1 1 1 0 0 1 1 1 0 1 1 0 1 0 0 1 0 1 1]"
60,"[1 1 1 1 0 0 0 1 1 1 1 1 1 0 0 0 1 1 0 0 0 0 1 1 1 0 1 1 0 1 1 1 1 1 1 0 0
 1 1 1 1 1 1 0 0 0 1 1 1 1 0 0 1 0 1 1 1 0 0 0 1 1 0 0 0 0 1 0 1 0 1 0 0 1
 0 1 0 0 1 0 1 1 1 1 1 1 1 1 1 0 1 1 1 1 1 0 1 0 1 1]"
60,"[1 1 1 1 0 1 0 1 1 1 1 1 1 1 0 1 1 1 1 1 1 1 0 0 0 1 1 1 1 1 1 1 1 0 1 1 0
 0 0 1 1 0 1 0 1 1 0 1 0 0 0 0 0 0 1 1 0 1 1 1 0 0 0 1 1 1 1 1 1 1 1 0 0 1
 0 0 0 1 0 1 1 1 1 1 1 0 1 0 0 1 1 1 1 0 0 0 1 0 1 1]"
59,"[1 1 1 0 1 1 1 1 1 1 1 1 1 1 1 0 0 0 0 0 1 1 0 1 1 1 1 0 0 1 0 0 0 0 0 1 0
 1 1 1 0 1 1 0 0 1 1 0 0 1 1 0 0 1 0 1 0 1 1 1 0 0 1 0 0 1 0 1 0 0 1 1 1 0
 0 1 0 0 0 1 1 0 0 1 1 1 1 1 1 0 1 1 1 1 1 0 1 1 1 1]"
60,"[1 0 1 1 1 1 1 0 1 1 1 1 1 0 1 0 0 0 1 1 0 0 1 0 1 0 1 1 1 1 1 1 0 0 0 0 0
 0 1 1 0 1 1 0 0 1 1 0 1 1 1 1 1 1 1 1 1 1 0 1 1 0 0 1 1 0 0 0 0 1 1 0 1 1
 1 0 1 0 0 1 1 0 0 0 1 1 1 0 1 0 1 1 1 0 1 0 1 0 1 1]"
59,"[1 1 1 1 1 1 1 1 1 1 1 1 1 1 0 0 1 1 1 1 1 1 1 0 1 1 0 1 0 0 1 1 0 0 1 0 0
 0 1 0 1 1 0 1 1 0 1 0 1 0 1 0 0 0 0 0 1 0 0 0 0 1 1 1 1 0 1 1 0 1 1 1 0 1
 1 0 0 1 1 0 1 1 0 0 1 1 0 1 0 1 1 1 0 0 1 1 1 1 1 1]"
60,"[1 0 1 1 1 0 0 1 1 1 1 0 0 0 1 0 1 1 1 0 1 1 1 1 1 1 0 1 0 0 0 1 0 0 0 1 1
 1 1 1 1 0 0 1 1 0 0 0 1 1 1 0 1 1 1 0 1 1 0 1 0 0 1 0 0 0 0 0 1 1 1 0 1 1
 1 1 0 1 0 1 1 1 1 0 1 1 0 0 1 1 1 1 1 0 1 0 0 1 1 1]"
59,"[1 1 1 1 1 1 0 1 1 1 0 0 1 1 0 1 0 1 1 0 1 1 0 1 1 1 1 1 0 1 1 0 1 0 1 0 1
 1 1 1 1 1 1 0 1 0 0 0 0 0 1 1 0 0 0 0 1 1 1 1 1 1 1 0 1 1 1 0 1 0 0 0 0 0
 1 1 0 1 0 1 1 0 1 1 0 1 0 0 1 1 1 0 1 1 1 0 1 0 1 1]"
59,"[1 0 0 1 1 1 1 0 1 1 0 1 1 1 1 1 0 0 1 1 1 1 0 0 0 0 0 1 0 1 1 0 0 1 1 0 0
 1 1 1 1 0 0 0 1 0 0 1 0 0 0 1 1 1 1 1 0 1 1 1 0 1 1 1 0 0 1 0 0 1 1 1 0 0
 0 0 0 0 1 1 1 0 1 0 1 1 1 0 1 1 1 1 1 0 1 1 1 1 0 1]"
60,"[1 1 1 0 1 1 1 1 1 1 0 1 1 0 0 0 0 1 1 1 1 0 0 0 1 1 1 0 0 1 1 1 1 0 1 0 1
 0 1 1 1 1 1 0 0 1 1 0 0 0 0 0 1 0 1 1 1 0 0 1 1 1 1 1 1 1 1 1 1 1 1 1 0 0
 0 0 0 0 0 1 0 0 1 1 0 0 1 0 0 1 0 1 1 1 0 1 1 1 1 1]"
61,"[1 1 1 1 0 1 1 0 0 1 1 1 1 1 1 0 1 0 1 1 0 0 0 0 1 1 0 0 1 1 1 0 1 1 0 1 1
 1 1 0 1 0 0 0 0 1 0 1 1 0 1 1 0 1 1 1 0 1 1 1 1 0 0 0 1 1 0 1 0 0 1 1 1 0
 1 1 0 0 0 1 1 1 0 1 1 0 0 1 0 1 1 1 0 1 1 1 0 0 1 1]"
59,"[1 1 1 1 1 1 1 0 1 1 1 0 0 0 0 0 1 0 1 1 1 0 1 0 0 0 1 1 0 1 1 0 1 1 0 1 1
 1 1 0 1 1 0 0 0 0 0 0 1 1 0 1 0 1 0 1 1 0 1 1 1 1 0 1 1 1 0 0 1 1 1 0 1 1
 0 0 0 0 1 0 0 1 1 0 1 0 1 1 0 1 1 0 0 1 1 0 1 1 1 1]"
59,"[1 1 1 1 0 1 1 0 1 1 0 0 1 0 0 1 1 0 1 1 0 1 1 0 0 1 1 0 1 1 1 1 0 1 1 0 0
 0 1 1 0 0 1 1 0 0 0 1 1 0 0 0 1 0 0 1 1 1 1 0 1 1 1 0 0 0 1 0 1 1 0 1 1 0
 1 1 1 0 0 0 1 1 1 1 1 1 1 1 1 1 0 1 0 1 1 1 0 1 1 1]"
60,"[1 1 1 1 0 0 1 0 1 1 1 0 0 1 0 1 1 0 1 1 1 1 0 0 0 1 1 0 1 1 1 1 0 1 0 0 0
 1 1 1 1 1 1 0 1 1 0 0 0 1 0 0 1 1 1 1 1 0 1 1 1 1 1 1 1 0 1 1 1 1 1 0 0 0
 1 0 0 1 1 1 1 0 1 1 1 0 0 1 1 1 1 0 1 1 1 0 0 1 0 0]"
59,"[1 0 1 1 1 1 1 1 1 1 1 0 1 1 0 0 1 0 1 1 1 1 1 1 0 0 1 0 0 1 1 0 1 1 0 1 1
 0 0 0 1 0 1 1 0 0 0 0 1 1 0 0 1 0 0 1 1 0 1 1 0 0 1 1 0 1 0 1 1 1 1 1 1 1
 0 0 1 0 0 0 0 1 0 1 0 1 1 1 1 1 1 1 0 1 1 0 1 0 1 1]"
58,"[1 0 0 1 0 0 1 1 1 1 1 1 0 0 1 0 0 1 1 0 1 1 1 1 0 1 0 1 0 1 0 0 1 1 0 1 0
 0 1 1 1 0 0 0 1 1 0 0 1 0 1 1 1 0 1 1 1 0 1 1 0 1 1 0 0 1 0 0 1 1 0 1 1 0
 0 0 1 1 0 1 1 1 0 1 1 1 1 0 1 1 0 0 0 1 1 1 1 0 1 1]"
61,"[1 1 1 1 1 1 0 1 1 1 0 0 0 1 1 1 1 1 0 0 1 1 0 1 0 0 0 0 0 0 1 0 1 0 1 1 1
 1 1 1 1 1 1 0 0 1 1 1 1 1 0 0 0 0 0 0 0 1 1 1 0 1 0 1 1 1 1 1 0 0 1 1 0 1
 0 0 0 0 0 1 1 0 1 0 1 1 1 1 1 1 0 1 1 1 1 1 1 1 1 1]"
60,"[1 1 0 1 1 1 0 1 1 1 1 0 0 1 1 0 0 1 0 1 1 1 0 1 1 0 0 0 1 1 1 1 0 1 1 0 0
 0 1 1 1 1 0 1 1 1 1 1 1 1 1 1 0 0 0 0 1 0 0 0 0 0 0 1 1 0 1 1 0 1 1 1 1 0
 1 0 1 0 1 1 1 0 1 0 1 0 0 1 0 1 1 0 0 1 1 0 0 1 1 1]"
59,"[1 1 1 1 0 1 1 1 0 1 1 1 1 1 0 0 0 0 1 1 1 0 1 1 1 0 1 0 1 1 1 0 1 0 1 1 1
 0 1 1 1 0 0 1 0 1 1 1 0 1 0 0 1 1 0 0 0 1 1 1 1 0 1 1 1 1 0 1 0 1 1 1 0 1
 1 0 0 0 0 1 1 0 0 0 1 1 1 0 0 1 1 0 1 1 1 0 1 0 0 1]"
63,"[1 1 1 0 1 1 1 1 1 1 1 1 0 0 1 1 0 1 1 1 1 0 0 1 1 0 1 0 0 0 1 1 1 0 1 0 1
 1 0 1 1 1 0 1 0 0 0 0 0 1 1 1 0 0 0 1 1 1 0 1 1 1 1 1 1 1 0 0 1 1 1 0 0 0
 1 1 1 0 0 0 1 1 0 1 0 0 1 1 1 1 1 0 0 1 1 0 1 1 1 1]"
61,"[0 1 0 1 1 1 1 1 1 1 1 1 0 0 0 0 0 1 1 0 1 1 1 1 1 0 1 1 1 1 1 1 0 1 0 0 0
 0 1 1 0 1 1 1 1 1 1 1 1 0 1 1 0 0 1 1 1 0 1 0 1 0 1 0 1 0 0 0 1 0 1 0 0 0
 1 1 1 0 1 1 1 1 1 0 1 0 1 0 1 1 1 1 1 0 1 0 1 0 1 1]"
60,"[1 1 0 1 1 1 1 0 0 1 1 1 0 0 0 0 1 1 1 1 1 1 0 1 1 0 1 0 0 1 1 1 0 1 1 0 1
 1 0 1 1 1 1 0 0 1 1 1 0 0 0 0 0 1 1 1 0 0 0 1 1 0 1 0 0 1 0 1 1 1 1 0 0 0
 1 1 1 0 1 1 1 0 1 0 1 1 0 0 1 1 1 1 1 0 1 1 1 0 1 0]"
60,"[1 1 1 1 1 0 0 1 1 1 1 1 0 1 1 0 1 1 1 1 0 1 0 1 0 1 1 1 0 1 1 0 0 0 0 1 1
 1 0 0 1 0 1 1 0 1 0 1 0 1 1 0 0 1 0 1 1 0 0 1 1 1 1 0 0 0 1 0 1 1 0 0 0 0
 1 0 1 1 1 1 1 1 1 1 0 0 1 1 0 0 1 1 0 1 1 1 1 1 1 1]"
61,"[0 1 1 0 0 1 0 1 0 1 1 1 1 0 1 1 1 1 0 1 1 0 1 1 1 0 1 1 1 1 1 0 1 0 1 0 0
 0 1 1 1 0 0 0 1 1 1 0 0 1 1 0 1 1 0 0 0 0 1 1 0 0 0 0 0 1 1 0 1 1 1 1 1 1
 1 0 1 1 1 1 1 1 0 1 1 1 0 0 1 1 1 1 0 1 0 0 1 0 1 1]"
59,"[1 1 1 1 1 0 1 1 1 1 1 1 0 1 0 0 0 1 0 1 1 1 1 1 0 1 0 1 1 1 0 1 1 0 0 1 0
 0 0 1 1 1 1 0 1 1 1 1 1 1 0 0 0 1 0 0 1 0 1 0 1 1 1 1 1 0 1 0 0 0 0 1 0 0
 0 0 1 0 1 0 0 1 1 0 1 0 1 1 1 1 1 1 1 1 1 0 1 1 0 1]"
60,"[1 0 1 1 1 1 1 1 1 1 1 1 1 0 0 1 0 1 0 1 1 1 0 1 0 0 0 0 1 1 1 0 0 0 0 1 0
 0 1 1 1 1 1 1 1 0 1 0 1 0 1 0 1 1 0 0 1 0 1 1 1 1 0 0 1 1 0 0 0 1 1 1 0 1
 1 1 1 0 0 1 0 1 0 1 0 0 0 0 1 1 1 1 0 1 0 1 1 1 0 1]"
62,"[1 0 1 1 1 1 1 1 0 1 1 1 0 0 1 1 1 1 1 1 1 1 0 0 1 0 0 0 0 0 1 0 1 0 1 1 1
 0 1 1 0 0 0 0 1 1 0 0 1 1 0 0 1 0 0 1 1 0 1 1 1 1 1 1 1 1 1 1 0 1 0 0 0 0
 0 0 0 1 0 1 1 1 1 1 1 1 0 1 0 1 1 0 1 1 0 1 1 1 1 1]"
61,"[1 1 1 0 1 1 0 1 1 1 1 0 1 0 1 1 1 1 0 1 1 0 0 0 0 0 0 1 1 1 1 1 1 1 0 1 1
 1 0 1 1 1 1 1 0 0 0 0 0 1 0 0 1 1 0 1 1 1 1 0 1 1 1 1 1 0 1 1 0 1 0 1 1 0
 0 0 0 1 0 1 1 1 0 0 1 1 1 1 0 0 1 0 1 0 1 1 1 1 1 1]"
60,"[1 0 1 1 1 1 1 0 1 1 1 1 1 0 1 0 0 0 1 1 1 1 0 1 1 0 1 0 0 1 1 0 0 0 1 1 0
 0 0 1 1 1 1 0 0 1 1 1 0 1 1 1 0 1 0 1 1 0 0 1 1 1 0 0 0 0 0 0 0 1 1 1 1 1
 0 0 0 1 0 1 1 1 1 0 1 1 1 1 0 1 1 1 1 0 0 1 1 1 1 1]"
60,"[1 1 0 1 0 0 1 0 1 1 1 0 1 1 0 0 1 1 0 1 1 1 1 1 0 0 1 1 1 1 0 0 0 1 1 1 0
 0 0 1 1 1 1 0 1 1 0 1 0 0 0 1 0 1 0 0 0 0 1 1 1 1 1 1 0 1 1 0 1 1 1 1 0 0
 0 1 1 0 0 1 0 1 1 1 0 1 0 0 1 1 0 1 1 1 1 1 1 0 1 1]"
60,"[1 1 0 1 1 1 1 1 1 1 1 0 0 1 0 1 1 1 1 1 1 0 0 0 1 1 0 0 1 1 1 0 1 1 1 1 0
 1 1 1 0 0 1 1 0 0 0 0 0 0 1 1 1 1 1 1 1 1 1 1 0 0 1 0 1 1 1 0 0 0 1 0 0 0
 1 1 1 0 0 0 1 1 1 1 1 0 1 1 1 0 0 1 1 1 1 0 1 0 1 1]"
61,"[1 1 1 1 1 1 1 1 0 1 0 1 1 1 0 1 1 0 0 0 0 0 0 0 0 1 1 0 1 1 1 1 0 0 0 1 1
 0 0 1 1 0 1 1 0 0 1 1 1 1 1 1 1 0 1 1 0 0 0 1 0 0 0 0 0 1 1 0 1 1 1 1 1 1
 1 1 1 0 0 0 1 1 0 0 0 0 1 1 1 0 1 1 0 1 1 1 1 1 1 1]"
59,"[1 0 0 1 1 0 1 1 1 1 1 0 0 0 1 0 0 1 1 0 1 1 1 1 1 0 1 1 1 1 1 1 0 0 0 1 1
 0 0 0 1 0 1 1 0 1 1 0 0 1 1 1 0 0 0 0 1 1 0 0 0 1 1 1 0 0 0 1 1 1 0 1 1 1
 0 1 1 1 1 1 1 0 1 1 0 1 1 0 0 0 1 1 0 0 0 1 1 1 1 1]"
61,"[0 1 1 1 1 0 1 1 1 1 1 0 0 1 0 0 0 1 1 0 1 1 0 0 0 1 0 0 1 1 1 1 1 0 1 0 1
 0 1 0 1 0 1 1 0 1 0 0 0 1 1 1 0 0 1 1 1 1 1 1 1 1 0 0 0 0 1 1 1 1 1 1 0 1
 1 0 0 0 0 1 0 1 1 1 0 0 1 0 1 1 1 1 1 1 0 1 1 1 1 1]"
60,"[1 1 1 0 1 1 0 1 1 1 1 0 1 0 1 1 1 0 0 0 1 0 1 0 1 1 1 0 1 1 1 1 0 0 1 1 1
 0 0 1 1 1 0 1 1 0 1 1 0 1 0 0 0 0 1 0 1 1 0 1 1 1 1 0 0 0 1 1 0 0 0 1 1 1
 1 0 1 0 1 1 1 1 0 1 1 0 1 1 0 1 0 1 0 1 1 1 0 1 0 1]"
60,"[1 1 1 1 1 1 1 0 1 1 1 1 1 1 1 1 0 1 0 0 0 0 0 0 1 0 1 0 0 1 0 0 0 1 1 0 0
 0 1 1 1 0 1 1 1 0 1 1 1 1 1 0 0 1 1 0 1 1 0 1 1 1 1 0 0 1 1 0 1 1 1 0 1 1
 0 1 1 0 1 1 0 1 0 0 1 0 0 0 1 1 1 1 1 0 1 1 1 0 1 1]"
60,"[1 1 1 0 1 1 1 1 1 1 1 1 1 0 0 1 1 1 1 1 0 0 0 1 0 0 1 0 0 1 1 1 1 1 1 0 0
 1 0 1 0 1 1 1 0 1 0 0 0 1 1 1 0 0 0 1 1 1 1 0 1 1 1 0 1 1 0 1 1 1 1 0 1 0
 1 1 0 0 1 1 1 1 0 0 0 1 0 0 1 1 1 1 0 1 0 1 0 1 1 1]"
60,"[1 1 0 0 1 1 0 1 1 1 1 1 1 0 0 1 0 1 0 1 1 0 1 1 1 1 0 1 1 1 1 1 0 1 1 0 0
 0 1 0 0 0 0 1 1 0 0 0 1 1 1 1 0 0 1 0 1 1 0 1 0 0 1 0 1 0 1 1 0 1 1 0 0 0
 1 0 1 1 0 0 1 1 1 0 1 1 1 0 1 1 1 1 1 1 1 1 1 0 1 1]"
61,"[1 1 1 0 0 1 0 1 1 1 0 0 0 1 1 0 0 0 1 0 1 1 0 1 1 0 1 0 1 1 1 1 0 1 1 0 1
 0 1 1 1 1 0 1 0 1 0 1 1 0 1 1 0 1 1 1 1 0 1 1 1 1 0 0 0 0 0 0 1 0 1 1 0 1
 0 0 1 0 1 0 1 1 0 1 1 0 1 1 1 0 0 1 1 1 1 1 0 1 1 1]"
59,"[1 1 1 0 1 0 1 1 1 1 1 1 1 0 0 1 1 1 1 1 0 1 0 1 0 1 0 0 0 0 1 1 1 1 0 0 0
 1 1 1 1 1 0 0 0 0 0 1 1 1 1 0 0 1 0 1 1 1 0 1 1 0 1 0 0 0 0 1 0 1 1 0 1 1
 0 1 0 0 0 1 1 1 0 0 1 1 1 0 1 1 1 1 1 1 1 0 1 1 1 0]"
60,"[1 0 1 1 1 1 0 1 1 1 1 1 0 1 0 1 1 0 1 1 0 1 1 1 1 0 0 1 1 1 0 0 0 0 1 1 0
 1 0 0 1 0 1 0 1 1 0 1 1 1 1 0 1 0 0 0 0 0 1 1 0 1 1 0 1 0 1 0 0 1 0 1 1 0
 1 0 1 1 0 1 1 1 0 0 1 0 1 1 1 1 1 1 1 1 1 1 0 1 1 1]"
60,"[1 1 0 0 1 1 1 1 1 1 1 1 0 1 0 1 0 1 1 0 1 1 0 0 0 1 1 1 0 0 1 1 0 1 1 0 0
 1 0 1 1 1 1 1 1 1 0 1 1 1 0 0 1 1 1 0 0 0 1 1 0 1 1 0 1 0 1 1 1 1 0 0 1 0
 0 0 1 1 0 1 1 1 1 1 1 0 0 0 0 0 1 1 1 1 0 1 1 1 1 1]"
60,"[1 1 0 1 0 1 0 1 0 1 1 0 0 1 1 0 0 0 1 1 1 1 0 1 1 0 1 1 0 1 1 0 0 1 1 0 0
 1 1 1 1 0 1 1 1 1 1 1 1 1 1 0 1 0 0 1 1 0 0 0 1 1 1 0 1 0 1 0 1 1 1 0 1 0
 0 0 1 0 1 1 1 0 1 1 0 0 1 1 0 1 1 1 1 1 0 0 1 0 1 1]"
59,"[1 0 1 0 1 1 1 1 0 1 1 0 1 1 0 1 1 0 1 1 1 0 0 1 0 0 1 0 0 1 1 1 1 1 1 1 1
 0 0 1 1 1 1 0 0 0 1 0 0 1 0 0 0 0 1 0 0 0 0 1 1 1 1 1 0 1 1 0 0 1 0 0 0 1
 0 1 1 0 1 1 1 0 1 1 0 1 1 1 1 1 1 1 1 1 0 1 1 1 1 1]"
60,"[1 1 1 1 1 1 1 0 1 1 0 0 0 1 0 1 1 0 1 1 0 1 0 0 1 0 1 1 1 1 1 1 1 1 1 0 1
 1 0 0 1 0 1 1 1 0 0 1 1 1 1 0 0 0 1 1 0 0 1 0 0 1 0 0 0 0 0 0 0 0 1 1 1 1
 1 0 1 1 1 1 1 0 0 1 1 0 1 1 0 1 1 1 0 0 1 1 1 0 0 1]"
60,"[1 1 0 1 1 0 0 1 1 1 1 1 0 0 0 1 1 1 1 1 1 1 0 1 1 1 1 0 0 1 1 0 0 0 0 0 1
 1 0 0 0 1 1 0 1 0 1 1 0 1 1 1 1 1 1 0 1 1 0 1 1 1 0 1 0 0 0 0 1 1 0 1 0 1
 0 0 1 0 1 1 1 1 0 1 1 0 0 1 1 0 1 0 0 1 1 1 1 1 0 1]"
60,"[1 1 0 1 0 1 1 0 1 0 0 1 1 1 0 1 1 0 1 1 1 1 0 1 0 1 0 1 0 1 1 1 0 1 0 0 0
 0 1 0 0 1 0 1 0 0 1 1 1 0 1 1 0 1 1 0 0 0 1 1 1 0 0 0 1 1 1 1 1 0 0 0 0 0
 0 1 1 1 1 1 1 1 1 1 1 1 1 0 1 1 1 1 1 1 1 0 1 0 1 1]"
59,"[1 1 1 0 1 0 1 1 1 1 1 1 1 0 1 0 0 0 1 1 1 0 1 0 1 1 1 0 1 0 0 1 1 0 1 1 0
 0 1 1 1 0 0 0 1 1 1 1 1 1 1 1 1 1 1 0 1 0 0 0 1 1 1 0 0 1 1 0 1 1 1 1 0 0
 0 0 1 1 1 1 1 0 1 1 0 0 0 1 1 1 0 1 0 0 1 0 1 1 0 1]"
59,"[1 1 1 1 1 1 1 1 1 0 1 1 1 0 1 0 1 1 1 1 0 0 1 0 0 0 0 0 1 1 1 0 0 0 0 1 1
 1 1 1 0 0 1 1 1 1 1 1 0 0 1 0 0 1 1 1 0 0 0 1 1 1 1 1 1 1 1 1 0 1 1 0 1 1
 0 0 0 1 0 1 0 1 0 1 0 1 1 0 1 0 1 1 0 1 0 1 1 1 0 1]"
59,"[1 0 1 0 1 0 1 1 1 1 1 0 0 1 0 1 1 1 0 1 1 1 0 0 0 1 1 0 1 1 1 1 0 1 0 1 1
 0 0 0 1 1 0 1 1 0 1 0 1 1 1 0 0 0 1 1 0 0 1 1 1 0 0 1 1 1 1 0 1 1 0 1 1 1
 0 0 1 1 1 0 1 1 0 0 0 1 1 1 1 0 0 1 0 1 0 1 1 1 1 1]"
60,"[1 1 0 1 1 1 1 1 1 1 0 1 1 1 1 1 0 0 0 1 0 0 1 0 1 0 1 0 1 1 1 0 0 1 1 0 0
 0 1 1 1 1 1 1 1 0 0 1 1 0 1 1 1 0 0 0 1 1 1 1 1 0 0 1 0 0 0 0 1 1 1 0 0 0
 0 1 0 1 0 1 1 1 1 1 0 1 0 1 1 1 1 1 1 1 0 1 1 1 0 1]"
61,"[1 0 1 1 1 0 1 1 1 1 1 0 1 1 1 1 1 0 1 1 1 1 0 1 1 1 1 0 1 1 1 0 1 0 0 0 0
 0 0 1 1 0 1 1 1 0 1 1 0 1 1 1 1 1 1 1 0 1 0 0 0 0 0 0 1 0 0 1 0 1 1 0 1 0
 0 0 1 1 1 1 1 1 0 1 1 1 1 0 1 1 1 0 1 0 1 1 1 0 1 1]"
59,"[1 1 1 0 1 0 1 1 1 1 1 1 1 0 1 0 1 1 1 1 1 0 0 0 0 0 0 0 0 1 1 0 0 1 1 0 1
 1 1 1 0 1 1 0 0 1 0 0 1 0 1 1 1 1 0 1 0 0 0 0 0 0 0 0 1 1 0 1 0 0 1 0 1 0
 1 1 0 1 0 1 1 1 1 1 1 0 1 0 1 1 1 1 0 1 1 1 1 1 1 1]"
59,"[0 0 1 1 1 1 0 1 1 1 1 1 1 1 1 1 0 1 1 0 1 1 0 0 1 0 0 1 1 1 1 1 0 0 1 1 0
 1 1 1 0 0 0 0 1 1 0 1 0 0 1 1 0 0 0 0 0 0 1 1 1 1 1 0 0 0 0 0 1 1 1 0 0 0
 1 1 1 0 1 1 1 1 1 1 0 0 1 0 1 0 1 1 0 1 1 1 1 1 1 1]"
60,"[1 1 1 0 1 1 1 1 1 1 1 1 0 1 1 1 1 1 1 1 1 1 0 1 0 0 0 0 0 0 1 0 0 1 1 0 1
 1 1 1 0 0 0 1 1 0 1 1 0 1 1 0 0 1 0 1 0 1 1 1 0 1 0 1 1 0 0 0 0 0 1 1 1 1
 0 1 1 0 1 1 0 0 1 0 1 1 1 0 1 1 0 1 1 1 1 1 1 0 1 1]"
60,"[1 1 1 1 0 1 1 1 1 1 1 1 0 1 0 1 0 1 1 1 0 0 1 1 1 0 0 1 1 1 0 0 0 1 1 0 1
 1 0 0 0 1 1 1 0 0 0 1 1 1 1 0 0 0 0 1 0 0 1 1 1 1 1 1 0 0 1 1 1 0 1 1 1 1
 0 1 1 0 1 1 0 0 1 1 0 0 0 1 0 0 1 1 1 1 0 1 1 1 1 1]"
59,"[0 1 1 1 0 1 1 1 1 1 1 1 0 0 0 0 0 1 1 0 1 0 1 1 1 0 1 1 0 1 1 0 0 1 0 1 0
 0 0 0 1 1 0 0 1 1 0 1 1 1 0 1 1 0 0 0 0 1 0 1 1 1 0 1 0 1 0 1 1 1 0 0 1 1
 1 1 0 1 0 1 1 1 0 0 0 1 1 1 0 0 1 0 1 0 1 1 1 1 1 1]"
61,"[1 1 0 0 1 1 0 0 0 1 1 0 1 1 0 1 0 1 1 0 1 1 1 1 1 1 0 1 1 1 0 0 0 0 0 1 1
 1 1 1 1 1 1 0 1 1 1 0 1 1 0 1 1 0 1 0 0 0 0 1 0 0 0 0 1 1 1 0 1 1 1 1 1 1
 1 1 0 0 1 1 1 1 0 1 1 0 1 0 1 1 1 1 0 1 1 0 1 0 1 1]"
60,"[1 1 0 1 1 1 1 0 1 1 1 1 1 1 1 1 1 0 0 1 1 0 0 1 0 0 1 0 1 1 0 0 1 1 1 1 0
 1 1 1 1 0 1 1 0 0 1 1 0 1 1 1 1 0 0 0 0 0 1 0 1 0 1 0 0 0 1 0 1 1 1 1 1 1
 1 0 1 0 1 1 1 0 0 1 1 0 1 1 1 1 1 1 0 1 1 0 1 1 0 1]"
59,"[1 0 0 1 0 1 1 1 1 1 1 0 1 1 0 0 1 1 0 1 1 1 0 0 0 1 1 1 0 0 1 1 1 1 1 0 0
 0 0 1 0 0 1 0 0 1 0 0 0 1 1 1 1 1 1 1 0 0 0 1 0 0 0 0 0 0 1 1 1 1 1 1 1 0
 1 0 1 1 1 1 1 0 1 1 1 0 1 0 0 1 1 1 1 0 1 1 1 1 0 1]"
60,"[1 1 1 1 0 1 0 1 1 1 1 1 1 0 0 0 1 1 1 1 0 0 0 0 1 0 1 0 1 1 1 1 1 0 1 1 1
 0 0 0 1 1 1 0 1 1 1 1 1 1 1 1 0 0 1 0 0 1 0 1 1 1 1 1 1 0 0 1 0 1 0 0 0 1
 1 0 1 1 0 1 1 0 1 1 1 0 0 1 0 1 1 1 1 0 1 0 0 1 1 0]"
61,"[1 1 1 0 1 1 1 1 1 0 1 1 1 0 0 1 1 0 0 0 1 0 1 1 0 1 1 0 1 1 0 0 1 1 0 1 1
 0 1 0 1 1 0 0 0 1 0 0 1 1 0 1 1 1 0 1 1 1 1 1 1 0 1 1 0 1 1 1 0 1 0 1 0 1
 0 0 0 1 0 0 1 0 0 1 1 0 1 1 1 1 1 0 0 1 1 0 1 0 1 1]"
60,"[0 1 1 1 1 1 1 0 1 1 1 0 1 0 0 1 0 0 1 1 1 1 1 0 1 0 1 1 1 1 0 1 1 0 1 0 1
 1 0 1 0 1 1 0 0 1 1 1 0 1 0 0 0 0 1 0 1 1 0 0 1 1 1 1 1 0 0 0 0 1 0 1 1 1
 1 0 1 0 1 1 1 1 0 0 1 1 1 1 1 1 1 1 0 1 0 1 1 1 0 1]"
59,"[1 1 1 1 0 1 0 1 1 1 1 1 1 1 0 1 1 0 1 0 0 0 0 0 1 1 1 1 1 0 1 1 0 1 1 0 0
 0 1 1 1 1 0 0 0 0 1 1 1 0 1 1 1 0 1 1 0 0 1 1 1 0 1 0 1 1 0 1 1 1 1 0 1 1
 1 1 0 1 1 1 1 0 0 0 0 0 0 0 1 1 1 1 1 0 0 1 0 1 0 0]"
62,"[1 1 1 1 1 0 1 1 1 1 0 1 0 1 1 0 0 1 0 1 1 0 1 0 0 0 1 1 1 1 0 1 0 0 1 1 1
 0 1 1 1 1 1 1 1 1 0 0 1 1 0 0 1 1 0 1 0 0 0 0 1 1 1 1 0 1 1 1 0 1 0 1 1 0
 0 0 1 1 1 1 0 1 1 0 1 0 1 0 1 1 1 1 1 0 1 1 1 1 1 1]"
61,"[0 1 1 0 1 1 1 0 1 1 1 1 1 0 1 1 0 1 1 1 1 0 0 0 0 1 0 1 1 1 1 1 1 0 1 1 0
 0 0 0 1 1 0 0 1 1 1 1 1 1 1 1 0 1 1 0 1 1 1 0 1 1 1 0 1 0 1 1 0 0 1 1 0 0
 0 0 1 1 1 1 1 0 1 0 0 0 1 0 1 1 1 1 1 1 0 1 1 0 0 1]"
59,"[1 0 1 0 1 1 0 1 1 1 1 0 1 0 0 1 0 1 0 0 1 0 1 1 1 0 0 1 0 0 1 0 0 0 0 1 1
 1 1 1 1 1 1 0 0 1 1 1 0 0 1 1 1 1 1 1 1 0 0 1 1 0 0 1 1 0 1 0 1 1 1 1 0 1
 1 0 1 0 1 0 1 1 0 0 0 0 1 1 1 1 1 1 0 1 0 1 1 1 1 1]"
59,"[0 1 1 1 1 0 0 1 1 0 1 1 1 1 1 1 1 0 1 1 1 1 0 0 0 0 1 0 1 1 0 1 0 1 1 0 1
 0 1 1 1 0 0 1 0 0 0 0 1 1 1 0 1 1 0 1 1 0 1 1 0 1 1 1 0 1 1 0 0 1 0 1 1 1
 1 1 0 0 1 1 1 1 1 1 1 0 0 1 0 1 1 1 1 0 1 0 1 1 1 1]"
60,"[1 1 0 1 1 1 1 1 1 1 1 1 1 1 1 1 1 1 1 1 1 1 1 0 0 0 0 0 1 0 0 0 1 1 0 1 1
 0 1 1 1 0 0 0 0 0 1 1 0 0 0 1 0 1 1 0 0 0 1 1 1 1 1 1 0 1 1 1 1 1 0 0 1 0
 1 0 1 0 0 0 0 1 0 1 0 1 0 1 0 1 1 1 1 1 0 1 1 1 1 1]"
59,"[1 1 0 1 1 0 1 1 0 1 1 1 0 1 1 1 1 0 0 0 1 0 0 0 0 1 0 0 1 1 1 1 0 1 0 1 1
 0 1 1 1 1 0 1 0 0 0 0 0 1 0 0 1 1 0 1 0 1 1 1 0 1 1 0 0 1 1 1 1 1 0 0 0 0
 0 1 1 0 0 0 1 1 1 1 0 1 1 1 1 1 0 1 0 1 1 1 1 1 1 1]"
59,"[1 1 1 1 1 1 1 1 1 1 1 1 0 1 1 1 1 1 1 1 1 1 0 1 0 1 0 0 0 1 0 0 0 0 0 0 0
 0 1 1 1 1 1 1 0 1 1 0 1 0 1 1 1 1 0 0 1 1 1 0 0 0 0 1 0 1 0 0 1 1 0 1 1 1
 0 1 0 0 0 1 0 1 1 0 1 0 0 1 1 0 1 1 0 0 1 0 1 1 0 1]"
61,"[1 0 1 1 0 0 1 1 0 1 1 1 1 1 1 0 1 1 1 1 1 1 0 0 1 1 1 0 1 0 1 1 1 0 0 1 1
 0 0 1 0 0 1 0 1 1 0 0 1 1 1 0 0 0 0 0 0 0 1 1 0 0 1 1 1 1 1 1 1 0 1 1 1 1
 0 0 1 0 1 1 0 1 1 1 0 0 0 0 1 1 1 1 1 1 1 0 1 1 1 1]"
59,"[1 1 1 1 1 1 1 1 1 0 1 1 0 1 1 1 1 1 1 1 0 1 1 0 0 0 0 1 0 0 1 0 1 0 1 0 1
 1 0 1 1 0 0 0 1 0 1 0 0 1 1 1 0 0 1 0 1 1 1 1 1 1 1 0 0 0 0 0 1 1 1 0 0 0
 1 1 1 0 0 1 0 1 1 1 1 1 0 1 0 0 0 1 1 1 1 1 0 1 1 1]"
60,"[1 1 1 1 1 0 1 1 1 1 0 1 1 1 1 0 1 1 0 0 1 0 0 0 0 0 0 1 1 1 1 1 1 0 1 1 1
 1 0 0 1 0 1 0 0 0 0 1 0 1 1 1 1 1 1 1 0 1 1 1 0 0 0 0 1 1 0 1 1 1 1 1 0 0
 1 1 1 1 0 1 0 1 1 1 0 1 0 1 0 0 1 0 1 0 0 1 1 0 1 0]"
61,"[1 1 0 1 0 1 0 1 1 1 1 1 1 1 1 0 1 1 0 0 0 1 0 0 0 0 1 0 0 1 1 1 1 0 1 0 1
 1 1 1 1 0 0 0 1 0 1 1 0 0 1 1 1 0 1 1 1 1 1 1 1 1 0 0 0 0 0 0 0 1 0 0 0 1
 0 1 1 1 1 1 1 1 1 0 1 1 0 1 1 1 1 1 1 1 1 0 1 0 1 1]"
59,"[1 1 0 1 1 1 1 1 1 1 1 1 1 1 0 0 0 0 1 1 0 0 1 1 0 1 0 1 0 0 1 0 1 1 0 0 1
 1 0 1 1 1 1 1 0 0 1 0 1 1 0 0 0 0 0 0 1 0 0 1 0 0 1 0 1 0 0 1 1 0 1 1 1 0
 1 1 1 0 1 1 1 1 1 1 1 0 0 1 0 1 1 0 1 1 1 0 1 1 1 1]"
59,"[1 1 1 0 1 0 1 0 1 1 1 1 1 0 1 1 1 0 1 1 1 0 0 0 0 0 1 1 0 1 0 1 1 1 1 0 0
 1 1 0 1 1 0 0 1 1 1 0 1 1 1 1 0 0 1 0 1 1 0 1 1 0 0 1 0 1 0 0 0 1 0 0 1 0
 1 0 0 0 0 1 1 1 1 0 0 1 0 1 1 1 0 1 1 1 0 1 0 1 1 1]"
61,"[1 0 1 1 1 1 0 1 1 1 0 1 1 1 1 1 1 1 0 0 0 1 1 0 0 1 1 0 0 1 1 1 1 1 0 1 1
 0 1 1 0 0 1 0 0 1 1 0 1 1 1 0 0 0 1 1 1 0 1 1 1 1 0 1 1 0 0 0 1 0 0 1 0 1
 1 0 1 1 1 1 1 0 1 1 1 1 0 0 1 1 1 1 1 1 1 1 0 1 1 1]"
59,"[1 1 1 1 0 1 0 1 1 1 0 0 0 1 1 0 0 0 1 0 1 0 0 1 1 0 0 1 0 0 1 1 0 0 0 1 0
 1 1 1 1 1 0 1 1 0 0 0 0 1 1 1 0 1 1 0 1 0 1 1 1 1 1 1 1 1 1 1 1 1 0 0 1 1
 0 1 1 1 1 1 1 1 0 1 0 1 0 1 1 0 1 1 1 1 0 1 0 1 1 1]"
61,"[1 1 0 1 0 1 0 1 1 1 1 1 1 1 0 1 0 1 1 1 1 1 0 0 1 0 0 1 0 1 0 0 1 1 1 1 0
 1 1 0 1 1 1 0 0 0 0 1 1 1 1 0 1 0 1 1 0 1 0 0 0 0 0 1 1 1 1 1 1 1 1 1 1 1
 0 0 0 0 1 1 1 0 1 0 0 1 1 0 1 1 0 1 1 1 0 1 1 0 1 1]"
59,"[1 1 0 0 0 1 1 1 1 1 1 1 0 1 0 0 0 1 1 0 0 0 1 1 1 1 1 0 0 1 1 0 0 0 1 0 1
 1 1 1 1 1 1 0 0 0 1 0 0 0 1 1 1 0 1 0 0 0 1 1 1 0 1 1 1 0 1 1 1 0 0 1 1 1
 0 0 0 0 0 1 1 1 0 0 0 1 1 1 1 1 1 1 1 0 1 1 1 1 1 1]"
59,"[1 1 0 1 1 1 1 1 1 1 1 1 0 1 1 0 1 1 0 0 1 1 1 1 1 0 1 1 1 1 0 0 0 0 0 0 0
 0 1 0 0 1 1 1 0 1 0 0 0 0 1 0 0 1 0 1 1 0 1 1 0 1 0 1 1 0 1 0 1 0 0 0 0 0
 1 1 0 0 1 1 1 1 1 1 1 0 1 0 1 1 1 0 1 0 1 0 1 1 1 1]"
62,"[1 1 1 1 1 0 1 1 1 1 0 1 0 0 1 0 1 1 1 1 1 1 1 1 1 0 1 0 1 1 0 0 0 0 1 1 0
 0 1 1 1 0 1 0 0 1 1 0 0 0 1 1 1 1 1 0 1 0 1 1 1 1 0 1 0 0 0 0 1 0 0 1 0 1
 1 1 1 1 0 1 1 1 0 1 1 0 0 1 1 1 1 1 0 0 1 1 0 1 1 1]"
60,"[1 1 1 1 0 1 0 1 1 1 0 0 0 0 1 0 0 1 1 1 1 1 1 0 1 1 0 1 1 0 1 1 1 0 1 0 1
 0 1 1 1 1 0 0 1 1 1 0 1 1 0 1 1 0 0 0 1 0 0 0 1 1 1 1 1 1 0 1 1 1 1 0 0 0
 1 0 0 1 1 1 0 0 1 1 0 1 0 1 0 0 1 1 1 1 1 0 0 1 1 1]"
59,"[1 1 0 1 0 0 1 1 1 1 0 1 1 0 1 0 1 1 1 1 1 1 0 1 0 0 0 0 1 1 1 1 0 1 1 1 1
 0 1 0 0 0 0 1 1 1 1 1 0 0 1 0 1 0 0 0 1 1 0 1 0 1 1 1 0 1 0 1 0 1 1 1 0 0
 0 0 1 0 1 1 1 1 1 1 1 0 0 0 1 1 1 0 1 0 1 1 0 1 1 1]"
59,"[0 1 0 1 1 0 1 1 1 0 0 1 1 1 0 0 1 1 1 1 1 1 1 0 1 0 1 0 0 1 1 1 0 1 1 0 0
 0 0 0 1 1 0 0 1 1 1 1 1 1 0 1 1 0 0 1 1 0 1 1 1 1 1 0 0 0 0 0 1 1 1 0 1 0
 0 1 1 0 1 1 0 1 1 1 0 1 0 1 0 1 1 1 0 1 0 1 1 0 1 1]"
59,"[1 1 1 0 1 1 1 1 0 1 1 1 0 1 0 1 0 1 0 1 1 1 0 1 1 0 1 1 1 1 0 1 0 0 0 0 0
 0 1 1 0 0 0 1 1 0 1 0 0 0 1 0 0 1 1 0 1 1 1 1 1 1 1 1 1 1 1 0 1 1 0 0 0 0
 0 0 1 0 1 1 1 0 1 1 1 1 0 0 1 1 0 1 0 1 1 1 0 0 0 1]"
60,"[1 1 1 1 0 1 1 1 1 1 1 1 1 0 0 0 1 0 1 1 1 1 0 0 1 0 1 0 1 1 0 0 1 0 1 0 0
 0 0 1 1 0 1 0 0 1 0 1 1 1 1 0 1 0 0 1 1 1 1 0 1 1 0 1 0 1 1 1 1 0 1 1 0 1
 0 1 0 0 0 1 0 1 0 1 1 1 1 1 0 1 1 1 0 1 1 1 1 1 0 1]"
60,"[1 1 1 1 1 1 1 1 0 1 0 0 1 0 0 0 1 1 1 0 1 1 1 0 1 0 0 0 1 1 1 1 0 0 0 0 1
 1 1 1 1 1 0 1 1 0 1 1 0 0 1 1 0 1 0 0 1 1 1 0 1 0 0 1 1 0 0 1 0 1 1 1 0 0
 1 1 1 0 1 1 1 1 0 1 1 0 0 0 1 1 1 1 0 1 0 1 0 1 1 0]"
59,"[1 1 1 1 1 0 1 0 1 1 0 0 0 0 1 0 1 0 1 1 1 0 1 1 1 0 1 1 0 1 1 1 1 1 1 1 1
 1 0 0 1 0 0 1 0 0 0 0 0 1 1 0 0 0 1 1 0 1 1 1 0 0 1 0 0 1 0 1 1 0 0 1 0 0
 1 1 0 1 1 0 1 1 0 1 0 1 1 0 1 1 1 1 1 1 0 1 1 1 0 1]"
61,"[1 1 1 1 0 1 1 0 1 1 1 0 0 0 0 1 1 0 0 1 1 1 1 0 0 1 1 0 1 1 1 1 0 1 0 1 1
 1 0 1 0 0 1 0 1 0 0 1 0 1 1 1 1 0 1 0 0 1 1 1 1 1 0 0 1 0 1 1 0 0 1 1 0 1
 1 0 1 0 1 1 1 1 0 1 1 0 1 1 1 1 0 1 0 1 0 0 1 0 1 1]"
61,"[1 1 0 1 0 1 1 1 1 1 1 1 0 1 0 1 1 0 1 1 0 1 0 1 0 1 0 1 1 0 0 1 1 1 0 1 1
 0 1 1 1 0 1 0 0 0 0 0 1 1 0 0 1 1 1 1 0 0 1 1 1 1 1 1 1 0 1 0 0 1 1 1 0 0
 0 0 1 0 1 1 0 1 0 1 1 0 1 1 0 1 1 1 0 1 0 1 1 1 1 1]"
60,"[0 1 1 0 1 1 1 0 1 1 0 1 1 0 1 0 1 0 1 1 1 0 1 1 1 1 1 0 1 1 1 0 0 1 0 0 1
 0 1 0 1 0 1 0 1 0 0 0 1 1 0 0 0 1 1 0 0 1 1 1 1 1 0 1 1 0 0 1 0 0 0 1 1 1
 1 0 1 1 0 1 1 0 1 1 0 0 1 0 1 1 1 0 1 1 1 1 1 0 1 1]"
60,"[1 0 1 1 0 1 1 1 1 1 1 1 1 1 0 1 1 1 0 0 1 0 1 0 0 0 0 1 0 0 0 1 0 1 1 1 1
 1 1 1 1 1 0 1 1 0 1 1 0 0 1 0 0 1 0 1 0 1 1 1 1 1 0 0 0 0 1 0 1 1 1 1 1 1
 0 0 0 0 0 0 1 0 1 1 1 1 1 1 1 1 1 1 1 1 1 1 1 1 1 1]"
59,"[1 1 0 1 1 0 1 1 1 1 1 1 1 1 1 1 1 0 1 0 1 0 1 0 0 0 0 0 0 1 0 0 0 0 0 1 0
 1 1 1 1 0 0 1 0 1 0 1 1 1 1 1 1 1 0 1 1 1 1 1 0 0 1 0 0 1 1 0 1 1 0 1 1 1
 1 0 1 0 0 1 1 0 0 1 0 1 1 1 0 0 1 1 1 1 0 1 1 1 1 1]"
60,"[1 1 0 1 0 1 1 1 1 1 1 1 0 1 1 1 0 0 1 0 1 1 0 1 0 1 1 0 1 1 1 0 0 0 0 0 0
 0 1 1 1 1 1 0 1 0 1 1 0 0 1 1 0 0 1 0 0 1 1 1 1 1 1 1 0 0 1 0 1 1 1 0 0 0
 0 1 0 0 0 0 1 1 1 0 1 1 0 0 1 0 1 1 1 0 1 1 1 1 1 1]"
60,"[0 1 0 0 1 1 1 1 1 1 1 1 1 0 1 1 1 0 0 1 1 1 0 0 0 0 1 0 1 1 0 1 1 1 1 1 1
 0 0 0 1 0 0 1 1 0 1 0 1 1 1 1 0 0 1 0 0 0 1 1 1 1 0 0 1 1 1 1 1 0 1 1 0 1
 1 0 0 1 0 1 1 1 0 1 1 1 0 0 1 1 1 1 0 0 0 1 0 1 1 0]"
59,"[1 1 1 0 1 1 1 1 1 1 1 1 0 0 1 1 0 1 1 0 0 0 0 1 1 0 1 0 1 1 1 1 0 0 0 1 1
 0 1 1 1 1 0 1 0 1 0 0 1 1 1 1 1 0 0 1 1 0 0 1 1 0 1 1 1 1 1 1 0 0 0 0 1 0
 1 0 1 1 0 1 0 1 1 0 0 0 0 1 1 0 1 0 1 1 0 1 1 1 0 1]"
60,"[1 1 0 1 1 1 0 1 0 1 1 1 1 1 0 0 0 0 0 1 0 0 1 1 0 1 0 1 0 1 1 0 1 0 0 1 0
 1 1 0 1 0 1 1 1 1 0 1 1 1 0 1 1 1 1 0 1 1 0 0 1 1 0 0 0 1 1 0 0 1 0 1 0 1
 1 1 1 1 1 0 1 1 0 0 1 1 0 0 1 1 1 0 1 0 1 1 1 0 1 1]"
61,"[1 1 1 1 1 1 1 1 1 1 1 1 0 1 1 1 0 1 0 1 0 0 1 0 1 1 0 1 1 1 0 1 1 0 1 1 0
 1 1 1 1 1 0 0 0 1 0 0 0 0 0 1 1 0 1 1 0 1 0 1 0 0 0 0 0 1 0 1 1 1 1 1 1 1
 1 1 0 1 1 1 1 0 0 1 0 1 0 1 0 1 1 1 1 1 1 1 0 0 0 1]"
